InvoiceNo,StockCode,Description,Quantity,UnitPrice,CustomerID,Country
INV536370,42098,White Hanging Heart T-Light Holder,4,2.82,12513,France
INV536370,98696,Assorted Colour Bird Ornament,12,11.29,12511,France
INV536371,76237,LUNCH BAG RED RETROSPOT,10,1.55,12525,France
INV536371,95181,White Hanging Heart T-Light Holder,12,7.38,12528,France
INV536371,68878,Set of 3 Butterfly Cookie Cutters,10,4.38,12500,France
INV536371,30926,Paper Chain Kit 50's Christmas,12,6.0,12535,France
INV536371,30379,Regency Cakestand 3 Tier,4,12.02,12543,France
INV536371,23396,Party Bunting,2,5.52,12545,France
INV536372,70217,Jam Making Set With Jars,9,2.65,12548,France
INV536372,20328,Assorted Colour Bird Ornament,9,4.55,12580,France
INV536372,91070,White Hanging Heart T-Light Holder,6,7.75,12590,France
INV536372,19116,Party Bunting,1,8.69,12598,France
INV536373,46434,Regency Cakestand 3 Tier,8,8.4,12546,France
INV536373,31319,Pack Of 72 Retrospot Cake Cases,6,5.25,12585,France
INV536373,44993,Jam Making Set With Jars,12,11.79,12582,France
INV536373,19358,Set of 3 Butterfly Cookie Cutters,10,8.39,12568,France
INV536374,45382,Jumbo Bag Red Retrospot,11,8.99,12528,France
INV536374,99733,Paper Chain Kit 50's Christmas,6,10.73,12599,France
INV536374,17331,LUNCH BAG RED RETROSPOT,4,10.5,12540,France
INV536375,51245,Assorted Colour Bird Ornament,4,8.62,12550,France
INV536375,94259,Regency Cakestand 3 Tier,8,2.86,12517,France
INV536375,42325,Pack Of 72 Retrospot Cake Cases,12,7.57,12533,France
INV536375,86622,Jam Making Set With Jars,7,11.35,12551,France
INV536375,57447,Party Bunting,4,12.47,12517,France
INV536376,92240,Paper Chain Kit 50's Christmas,3,10.16,12554,France
INV536376,88172,Regency Cakestand 3 Tier,2,5.58,12576,France
INV536376,71348,White Hanging Heart T-Light Holder,9,4.08,12570,France
INV536376,11504,LUNCH BAG RED RETROSPOT,11,9.36,12587,France
INV536376,80381,Jam Making Set With Jars,5,9.9,12543,France
INV536376,24621,Set of 3 Butterfly Cookie Cutters,5,6.14,12558,France
INV536377,33416,Assorted Colour Bird Ornament,9,11.52,12580,France
INV536377,49117,Set of 3 Butterfly Cookie Cutters,11,6.96,12525,France
INV536378,88504,Party Bunting,6,6.75,12514,France
INV536378,57576,Jumbo Bag Red Retrospot,5,3.94,12530,France
INV536378,84364,White Hanging Heart T-Light Holder,2,2.21,12562,France
INV536379,26828,Set of 3 Butterfly Cookie Cutters,11,6.6,12570,France
INV536379,31643,Jumbo Bag Red Retrospot,5,7.19,12577,France
INV536380,62296,Pack Of 72 Retrospot Cake Cases,11,8.56,12556,France
INV536380,77839,Set of 3 Butterfly Cookie Cutters,8,2.61,12528,France
INV536380,18392,Jam Making Set With Jars,6,1.49,12570,France
INV536380,40161,Party Bunting,10,3.73,12509,France
INV536380,92719,Jumbo Bag Red Retrospot,1,3.83,12504,France
INV536381,97684,Regency Cakestand 3 Tier,8,3.66,12516,France
INV536381,84847,Set of 3 Butterfly Cookie Cutters,10,6.57,12600,France
INV536381,71993,Pack Of 72 Retrospot Cake Cases,7,3.39,12512,France
INV536381,96374,Jumbo Bag Red Retrospot,7,5.24,12552,France
INV536382,54473,White Hanging Heart T-Light Holder,2,4.05,12524,France
INV536382,80292,Regency Cakestand 3 Tier,8,2.83,12523,France
INV536382,46509,Jam Making Set With Jars,8,4.06,12509,France
INV536382,68082,Pack Of 72 Retrospot Cake Cases,9,2.35,12583,France
INV536382,80855,Party Bunting,1,12.15,12596,France
INV536383,73092,Jumbo Bag Red Retrospot,4,10.98,12507,France
INV536383,31579,LUNCH BAG RED RETROSPOT,7,1.27,12549,France
INV536383,44760,Paper Chain Kit 50's Christmas,8,4.46,12589,France
INV536384,85914,Paper Chain Kit 50's Christmas,12,7.35,12595,France
INV536384,51104,Jumbo Bag Red Retrospot,1,1.81,12561,France
INV536384,75909,Pack Of 72 Retrospot Cake Cases,9,3.02,12565,France
INV536384,20500,Set of 3 Butterfly Cookie Cutters,3,2.02,12508,France
INV536384,98501,Regency Cakestand 3 Tier,4,5.79,12572,France
INV536384,42271,White Hanging Heart T-Light Holder,10,7.94,12579,France
INV536385,51467,LUNCH BAG RED RETROSPOT,5,3.55,12591,France
INV536385,51180,Set of 3 Butterfly Cookie Cutters,4,4.24,12516,France
INV536386,70068,Paper Chain Kit 50's Christmas,10,12.48,12512,France
INV536386,19602,Party Bunting,9,3.65,12533,France
INV536386,27361,Regency Cakestand 3 Tier,6,11.16,12531,France
INV536386,58434,White Hanging Heart T-Light Holder,5,3.02,12569,France
INV536387,82692,Jam Making Set With Jars,5,11.73,12513,France
INV536387,27601,Set of 3 Butterfly Cookie Cutters,5,2.55,12513,France
INV536387,82512,White Hanging Heart T-Light Holder,3,4.31,12577,France
INV536387,37607,Party Bunting,12,5.11,12587,France
INV536388,16658,Set of 3 Butterfly Cookie Cutters,2,8.39,12535,France
INV536388,15778,Paper Chain Kit 50's Christmas,1,5.0,12516,France
INV536388,93507,Assorted Colour Bird Ornament,5,3.07,12556,France
INV536388,82309,LUNCH BAG RED RETROSPOT,12,6.06,12501,France
INV536389,81511,Regency Cakestand 3 Tier,1,10.64,12574,France
INV536389,82420,Jumbo Bag Red Retrospot,3,6.09,12505,France
INV536390,99399,Party Bunting,4,8.75,12545,France
INV536390,83385,White Hanging Heart T-Light Holder,7,12.21,12595,France
INV536390,30257,Jam Making Set With Jars,4,10.98,12522,France
INV536390,64040,Regency Cakestand 3 Tier,1,3.27,12542,France
INV536391,24168,Pack Of 72 Retrospot Cake Cases,7,11.06,12560,France
INV536391,39154,Assorted Colour Bird Ornament,4,10.44,12558,France
INV536391,55830,Jumbo Bag Red Retrospot,5,10.48,12529,France
INV536391,39219,LUNCH BAG RED RETROSPOT,1,8.68,12551,France
INV536391,53025,Party Bunting,5,10.97,12598,France
INV536392,80282,Party Bunting,6,11.82,12514,France
INV536392,44237,Set of 3 Butterfly Cookie Cutters,3,7.78,12533,France
INV536392,15014,LUNCH BAG RED RETROSPOT,2,7.96,12544,France
INV536392,51114,Jam Making Set With Jars,7,8.07,12565,France
INV536393,43386,LUNCH BAG RED RETROSPOT,1,9.22,12500,France
INV536393,78146,Pack Of 72 Retrospot Cake Cases,9,8.98,12594,France
INV536394,97062,Party Bunting,6,8.26,12584,France
INV536394,26334,LUNCH BAG RED RETROSPOT,12,11.38,12564,France
INV536394,50538,Regency Cakestand 3 Tier,11,5.84,12551,France
INV536395,97153,Set of 3 Butterfly Cookie Cutters,7,8.87,12522,France
INV536395,90676,Jumbo Bag Red Retrospot,10,4.64,12570,France
INV536395,10053,Pack Of 72 Retrospot Cake Cases,5,4.48,12555,France
INV536395,86019,Paper Chain Kit 50's Christmas,10,8.62,12559,France
INV536396,32241,Paper Chain Kit 50's Christmas,11,2.2,12565,France
INV536396,97012,Pack Of 72 Retrospot Cake Cases,11,8.22,12511,France
INV536396,40784,Jam Making Set With Jars,11,4.74,12525,France
INV536396,29313,LUNCH BAG RED RETROSPOT,1,1.77,12560,France
INV536396,90120,Party Bunting,2,6.37,12580,France
INV536397,95990,Pack Of 72 Retrospot Cake Cases,12,1.31,12596,France
INV536397,23970,LUNCH BAG RED RETROSPOT,7,3.71,12589,France
INV536397,77889,Paper Chain Kit 50's Christmas,8,1.81,12531,France
INV536397,25906,Jam Making Set With Jars,8,2.75,12559,France
INV536397,97500,Regency Cakestand 3 Tier,9,12.36,12576,France
INV536397,51588,Party Bunting,8,8.14,12592,France
INV536398,68991,LUNCH BAG RED RETROSPOT,5,9.71,12581,France
INV536398,46347,Set of 3 Butterfly Cookie Cutters,9,6.7,12530,France
INV536398,45992,Paper Chain Kit 50's Christmas,8,2.12,12536,France
INV536398,40735,Regency Cakestand 3 Tier,5,5.03,12569,France
INV536398,20561,Party Bunting,3,2.95,12549,France
INV536398,30028,Pack Of 72 Retrospot Cake Cases,12,3.66,12553,France
INV536399,37110,Party Bunting,7,5.63,12598,France
INV536399,86556,Set of 3 Butterfly Cookie Cutters,12,1.47,12597,France
INV536399,85456,Paper Chain Kit 50's Christmas,7,6.62,12545,France
INV536399,49139,Pack Of 72 Retrospot Cake Cases,7,10.85,12553,France
INV536399,80545,White Hanging Heart T-Light Holder,12,9.51,12577,France
INV536400,67125,Paper Chain Kit 50's Christmas,8,1.58,12543,France
INV536400,97670,Pack Of 72 Retrospot Cake Cases,11,10.23,12592,France
INV536400,31632,Assorted Colour Bird Ornament,8,11.59,12579,France
INV536401,27786,White Hanging Heart T-Light Holder,8,3.29,12533,France
INV536401,59689,LUNCH BAG RED RETROSPOT,6,3.63,12541,France
INV536401,54236,Jam Making Set With Jars,7,4.38,12553,France
INV536401,43065,Paper Chain Kit 50's Christmas,2,6.54,12595,France
INV536401,80702,Party Bunting,1,12.5,12544,France
INV536401,39389,Pack Of 72 Retrospot Cake Cases,11,2.02,12583,France
INV536402,36130,White Hanging Heart T-Light Holder,1,8.24,12530,France
INV536402,26544,Pack Of 72 Retrospot Cake Cases,8,8.78,12572,France
INV536403,31992,Paper Chain Kit 50's Christmas,10,8.08,12595,France
INV536403,25012,Assorted Colour Bird Ornament,3,12.1,12513,France
INV536403,85849,Party Bunting,1,11.7,12573,France
INV536404,92213,LUNCH BAG RED RETROSPOT,4,2.4,12598,France
INV536404,49529,Pack Of 72 Retrospot Cake Cases,11,8.0,12515,France
INV536404,84177,Regency Cakestand 3 Tier,1,5.16,12554,France
INV536404,96706,Assorted Colour Bird Ornament,6,2.03,12582,France
INV536404,54725,Party Bunting,1,10.81,12562,France
INV536405,93307,LUNCH BAG RED RETROSPOT,8,9.21,12555,France
INV536405,33086,Party Bunting,12,7.12,12583,France
INV536406,67091,Jam Making Set With Jars,12,7.92,12541,France
INV536406,42177,Set of 3 Butterfly Cookie Cutters,2,4.39,12557,France
INV536406,41963,Paper Chain Kit 50's Christmas,8,7.66,12585,France
INV536406,59674,Pack Of 72 Retrospot Cake Cases,6,1.57,12541,France
INV536407,43862,Paper Chain Kit 50's Christmas,6,4.4,12576,France
INV536407,46211,Pack Of 72 Retrospot Cake Cases,9,1.36,12524,France
INV536407,21221,Party Bunting,4,9.35,12562,France
INV536408,48566,Pack Of 72 Retrospot Cake Cases,4,5.8,12531,France
INV536408,50135,Paper Chain Kit 50's Christmas,11,7.79,12560,France
INV536408,82544,Set of 3 Butterfly Cookie Cutters,9,5.12,12595,France
INV536408,82140,Jam Making Set With Jars,6,5.21,12558,France
INV536408,45509,White Hanging Heart T-Light Holder,5,4.08,12515,France
INV536408,35242,Party Bunting,6,2.59,12568,France
INV536409,46241,Pack Of 72 Retrospot Cake Cases,12,7.88,12597,France
INV536409,78765,Jam Making Set With Jars,10,4.43,12512,France
INV536409,35443,Paper Chain Kit 50's Christmas,5,3.81,12522,France
INV536410,15965,White Hanging Heart T-Light Holder,1,7.48,12589,France
INV536410,26551,Set of 3 Butterfly Cookie Cutters,11,11.02,12562,France
INV536410,23446,Jumbo Bag Red Retrospot,1,7.71,12560,France
INV536410,72746,Paper Chain Kit 50's Christmas,8,5.08,12506,France
INV536411,74454,Paper Chain Kit 50's Christmas,2,7.74,12587,France
INV536411,17026,Regency Cakestand 3 Tier,3,2.93,12572,France
INV536411,49824,Set of 3 Butterfly Cookie Cutters,2,12.43,12515,France
INV536411,83147,Pack Of 72 Retrospot Cake Cases,7,8.07,12579,France
INV536412,68028,Set of 3 Butterfly Cookie Cutters,5,10.93,12554,France
INV536412,50026,LUNCH BAG RED RETROSPOT,10,8.24,12578,France
INV536412,23006,Paper Chain Kit 50's Christmas,4,8.29,12533,France
INV536413,32782,Jumbo Bag Red Retrospot,9,2.09,12500,France
INV536413,63545,Pack Of 72 Retrospot Cake Cases,8,9.01,12560,France
INV536414,47056,White Hanging Heart T-Light Holder,12,10.92,12509,France
INV536414,40595,Pack Of 72 Retrospot Cake Cases,5,10.11,12580,France
INV536414,87304,Assorted Colour Bird Ornament,11,10.29,12525,France
INV536414,65723,Party Bunting,2,7.38,12582,France
INV536415,17816,Assorted Colour Bird Ornament,3,10.17,12576,France
INV536415,84607,Jumbo Bag Red Retrospot,5,6.19,12559,France
INV536415,49857,Regency Cakestand 3 Tier,12,5.78,12534,France
INV536416,66626,Set of 3 Butterfly Cookie Cutters,12,4.88,12532,France
INV536416,13390,Paper Chain Kit 50's Christmas,2,3.83,12586,France
INV536416,85392,Jam Making Set With Jars,10,11.95,12597,France
INV536416,98117,White Hanging Heart T-Light Holder,5,7.73,12597,France
INV536416,32962,Assorted Colour Bird Ornament,8,7.09,12556,France
INV536416,46458,LUNCH BAG RED RETROSPOT,3,12.47,12555,France
INV536417,52081,Regency Cakestand 3 Tier,11,2.43,12520,France
INV536417,53228,Paper Chain Kit 50's Christmas,7,9.05,12536,France
INV536417,96846,Party Bunting,7,10.4,12570,France
INV536417,14809,Pack Of 72 Retrospot Cake Cases,8,2.24,12532,France
INV536417,52372,Jumbo Bag Red Retrospot,2,12.16,12551,France
INV536418,77952,White Hanging Heart T-Light Holder,6,8.25,12563,France
INV536418,91973,Set of 3 Butterfly Cookie Cutters,8,9.8,12526,France
INV536418,45003,Paper Chain Kit 50's Christmas,9,2.72,12536,France
INV536418,67424,Pack Of 72 Retrospot Cake Cases,12,6.7,12503,France
INV536418,92578,Jam Making Set With Jars,10,10.24,12590,France
INV536418,30758,Regency Cakestand 3 Tier,5,7.45,12570,France
INV536419,94896,Regency Cakestand 3 Tier,3,6.86,12591,France
INV536419,48254,Pack Of 72 Retrospot Cake Cases,9,9.19,12553,France
INV536419,73242,Jam Making Set With Jars,8,3.99,12570,France
INV536419,28958,Set of 3 Butterfly Cookie Cutters,7,3.39,12576,France
INV536419,76616,White Hanging Heart T-Light Holder,12,11.14,12508,France
INV536420,10336,LUNCH BAG RED RETROSPOT,5,9.42,12575,France
INV536420,86011,Party Bunting,11,6.76,12519,France
INV536420,68529,Assorted Colour Bird Ornament,9,6.7,12542,France
INV536420,82340,Jam Making Set With Jars,9,5.49,12541,France
INV536421,63841,Pack Of 72 Retrospot Cake Cases,1,4.83,12560,France
INV536421,59968,LUNCH BAG RED RETROSPOT,7,12.37,12583,France
INV536421,29936,Jam Making Set With Jars,8,12.1,12516,France
INV536422,78937,Jam Making Set With Jars,8,1.42,12518,France
INV536422,63736,Party Bunting,11,12.16,12509,France
INV536422,71537,Regency Cakestand 3 Tier,5,5.06,12588,France
INV536422,62098,LUNCH BAG RED RETROSPOT,11,2.15,12542,France
INV536422,98389,Pack Of 72 Retrospot Cake Cases,9,5.53,12540,France
INV536422,92155,White Hanging Heart T-Light Holder,12,11.23,12562,France
INV536423,39817,White Hanging Heart T-Light Holder,12,2.27,12512,France
INV536423,93066,Regency Cakestand 3 Tier,12,11.07,12556,France
INV536423,31805,Pack Of 72 Retrospot Cake Cases,12,4.62,12503,France
INV536423,16028,Party Bunting,6,10.21,12537,France
INV536423,56984,LUNCH BAG RED RETROSPOT,6,6.1,12531,France
INV536423,79621,Jumbo Bag Red Retrospot,7,7.62,12523,France
INV536424,91226,Jumbo Bag Red Retrospot,11,3.96,12574,France
INV536424,28758,Regency Cakestand 3 Tier,4,6.44,12532,France
INV536424,70236,LUNCH BAG RED RETROSPOT,5,8.75,12559,France
INV536425,55293,Set of 3 Butterfly Cookie Cutters,10,4.62,12554,France
INV536425,42780,Jumbo Bag Red Retrospot,8,10.76,12525,France
INV536425,60422,Regency Cakestand 3 Tier,8,2.45,12548,France
INV536425,84963,Pack Of 72 Retrospot Cake Cases,6,7.72,12589,France
INV536426,84177,White Hanging Heart T-Light Holder,11,10.01,12506,France
INV536426,89482,LUNCH BAG RED RETROSPOT,12,6.84,12536,France
INV536426,40162,Assorted Colour Bird Ornament,10,10.27,12528,France
INV536426,93442,Jam Making Set With Jars,4,8.24,12586,France
INV536427,67779,Regency Cakestand 3 Tier,1,7.77,12593,France
INV536427,27224,White Hanging Heart T-Light Holder,2,11.48,12541,France
INV536427,64460,Assorted Colour Bird Ornament,3,3.51,12600,France
INV536428,73156,Party Bunting,5,9.65,12543,France
INV536428,25095,Set of 3 Butterfly Cookie Cutters,8,12.08,12518,France
INV536428,39571,Assorted Colour Bird Ornament,11,9.4,12550,France
INV536428,83048,LUNCH BAG RED RETROSPOT,6,2.27,12550,France
INV536428,11824,Regency Cakestand 3 Tier,5,7.29,12558,France
INV536428,58311,Jumbo Bag Red Retrospot,11,9.68,12533,France
INV536429,13280,LUNCH BAG RED RETROSPOT,10,11.2,12571,France
INV536429,52992,Party Bunting,10,3.74,12508,France
INV536429,93283,Regency Cakestand 3 Tier,8,11.48,12538,France
INV536429,95097,Set of 3 Butterfly Cookie Cutters,7,2.56,12505,France
INV536429,14877,Paper Chain Kit 50's Christmas,5,12.45,12514,France
INV536429,22739,Pack Of 72 Retrospot Cake Cases,4,11.23,12517,France
INV536430,30253,Paper Chain Kit 50's Christmas,7,8.62,12562,France
INV536430,90694,Party Bunting,7,11.81,12535,France
INV536430,14288,LUNCH BAG RED RETROSPOT,12,5.42,12556,France
INV536430,68287,Assorted Colour Bird Ornament,4,10.87,12512,France
INV536430,99873,Set of 3 Butterfly Cookie Cutters,6,7.38,12582,France
INV536431,26011,White Hanging Heart T-Light Holder,8,2.28,12527,France
INV536431,94109,LUNCH BAG RED RETROSPOT,11,7.97,12502,France
INV536431,16629,Assorted Colour Bird Ornament,6,3.99,12516,France
INV536431,84000,Regency Cakestand 3 Tier,4,2.02,12597,France
INV536432,10371,Pack Of 72 Retrospot Cake Cases,5,10.91,12518,France
INV536432,27038,Jam Making Set With Jars,9,4.07,12522,France
INV536432,24408,Set of 3 Butterfly Cookie Cutters,11,11.0,12516,France
INV536432,11947,Jumbo Bag Red Retrospot,6,10.14,12530,France
INV536432,87182,Regency Cakestand 3 Tier,6,1.43,12533,France
INV536432,16868,Assorted Colour Bird Ornament,3,9.59,12567,France
INV536433,68756,Regency Cakestand 3 Tier,6,7.02,12513,France
INV536433,69245,Paper Chain Kit 50's Christmas,9,3.74,12578,France
INV536434,70036,Set of 3 Butterfly Cookie Cutters,11,12.1,12507,France
INV536434,72781,Assorted Colour Bird Ornament,7,6.05,12513,France
INV536435,29442,Paper Chain Kit 50's Christmas,2,2.67,12579,France
INV536435,92978,Regency Cakestand 3 Tier,10,7.42,12541,France
INV536435,59925,Set of 3 Butterfly Cookie Cutters,10,7.22,12558,France
INV536435,76263,Jumbo Bag Red Retrospot,10,6.09,12589,France
INV536435,24996,Assorted Colour Bird Ornament,11,8.57,12598,France
INV536436,69441,Pack Of 72 Retrospot Cake Cases,7,5.93,12512,France
INV536436,50966,LUNCH BAG RED RETROSPOT,7,4.77,12532,France
INV536436,59060,Paper Chain Kit 50's Christmas,3,8.98,12560,France
INV536436,18799,Regency Cakestand 3 Tier,2,10.61,12511,France
INV536436,66606,Jam Making Set With Jars,2,9.63,12547,France
INV536436,27054,Jumbo Bag Red Retrospot,9,1.92,12571,France
INV536437,16743,Party Bunting,5,8.0,12545,France
INV536437,23579,Regency Cakestand 3 Tier,10,6.96,12519,France
INV536437,96079,LUNCH BAG RED RETROSPOT,8,3.77,12513,France
INV536437,55890,Jumbo Bag Red Retrospot,9,5.39,12597,France
INV536437,46512,Jam Making Set With Jars,10,3.79,12554,France
INV536437,83526,Pack Of 72 Retrospot Cake Cases,10,8.15,12582,France
INV536438,54541,White Hanging Heart T-Light Holder,6,1.32,12518,France
INV536438,84228,Assorted Colour Bird Ornament,11,5.76,12518,France
INV536438,92991,Jam Making Set With Jars,1,2.28,12567,France
INV536438,38197,Regency Cakestand 3 Tier,7,5.97,12543,France
INV536438,30631,Jumbo Bag Red Retrospot,6,4.76,12541,France
INV536438,84395,Party Bunting,10,2.21,12506,France
INV536439,45665,Jumbo Bag Red Retrospot,8,8.7,12562,France
INV536439,89570,White Hanging Heart T-Light Holder,8,5.91,12527,France
INV536439,77154,Regency Cakestand 3 Tier,2,5.13,12514,France
INV536440,38903,Jam Making Set With Jars,7,12.33,12507,France
INV536440,11007,Paper Chain Kit 50's Christmas,4,4.64,12527,France
INV536440,27987,Assorted Colour Bird Ornament,5,4.51,12515,France
INV536440,11013,White Hanging Heart T-Light Holder,8,9.65,12522,France
INV536441,75570,LUNCH BAG RED RETROSPOT,9,10.63,12545,France
INV536441,19447,Set of 3 Butterfly Cookie Cutters,7,10.94,12505,France
INV536441,67176,Pack Of 72 Retrospot Cake Cases,1,6.42,12509,France
INV536442,93904,Jam Making Set With Jars,7,4.51,12551,France
INV536442,12733,LUNCH BAG RED RETROSPOT,6,3.18,12579,France
INV536442,70305,Set of 3 Butterfly Cookie Cutters,12,11.6,12511,France
INV536442,67240,Party Bunting,2,3.99,12575,France
INV536443,54500,Set of 3 Butterfly Cookie Cutters,4,5.0,12521,France
INV536443,20011,Regency Cakestand 3 Tier,9,8.37,12567,France
INV536443,76840,LUNCH BAG RED RETROSPOT,4,11.44,12544,France
INV536443,56019,Paper Chain Kit 50's Christmas,12,12.03,12582,France
INV536443,29358,Jumbo Bag Red Retrospot,4,2.41,12532,France
INV536444,33218,Jumbo Bag Red Retrospot,11,6.81,12596,France
INV536444,83889,Jam Making Set With Jars,10,6.3,12572,France
INV536444,94278,Regency Cakestand 3 Tier,11,12.35,12541,France
INV536445,67961,Jumbo Bag Red Retrospot,11,4.66,12535,France
INV536445,87518,Paper Chain Kit 50's Christmas,1,5.21,12509,France
INV536445,50685,Regency Cakestand 3 Tier,8,6.33,12507,France
INV536445,58331,Pack Of 72 Retrospot Cake Cases,5,2.11,12511,France
INV536446,15376,Jam Making Set With Jars,8,11.48,12573,France
INV536446,95437,Set of 3 Butterfly Cookie Cutters,4,4.87,12560,France
INV536446,75715,LUNCH BAG RED RETROSPOT,3,12.02,12557,France
INV536446,23566,Pack Of 72 Retrospot Cake Cases,6,12.3,12510,France
INV536446,76132,Assorted Colour Bird Ornament,11,3.19,12531,France
INV536446,67377,Party Bunting,8,7.15,12578,France
INV536447,60779,Party Bunting,7,9.96,12586,France
INV536447,88366,Jam Making Set With Jars,1,10.13,12582,France
INV536447,53863,Assorted Colour Bird Ornament,2,4.96,12571,France
INV536448,86380,Assorted Colour Bird Ornament,11,2.84,12544,France
INV536448,50662,Jam Making Set With Jars,11,9.11,12550,France
INV536448,26901,Jumbo Bag Red Retrospot,10,9.22,12510,France
INV536448,50577,Paper Chain Kit 50's Christmas,9,5.49,12542,France
INV536448,26750,White Hanging Heart T-Light Holder,11,9.16,12594,France
INV536449,33627,Regency Cakestand 3 Tier,4,5.09,12598,France
INV536449,73736,LUNCH BAG RED RETROSPOT,4,3.8,12517,France
INV536449,30308,Party Bunting,2,4.58,12600,France
INV536449,23256,White Hanging Heart T-Light Holder,9,9.92,12594,France
INV536449,79013,Jumbo Bag Red Retrospot,1,8.7,12598,France
INV536449,91006,Paper Chain Kit 50's Christmas,3,7.97,12519,France
INV536450,15726,Jumbo Bag Red Retrospot,7,5.35,12592,France
INV536450,41133,Jam Making Set With Jars,8,8.12,12596,France
INV536450,68841,Paper Chain Kit 50's Christmas,4,7.26,12539,France
INV536451,60052,Pack Of 72 Retrospot Cake Cases,9,7.18,12520,France
INV536451,36174,Party Bunting,10,2.81,12532,France
INV536451,16839,Paper Chain Kit 50's Christmas,11,6.66,12547,France
INV536451,82684,Jam Making Set With Jars,2,9.25,12566,France
INV536451,26341,Jumbo Bag Red Retrospot,5,2.19,12520,France
INV536452,67340,Paper Chain Kit 50's Christmas,2,11.9,12528,France
INV536452,69130,Set of 3 Butterfly Cookie Cutters,6,11.72,12553,France
INV536452,16980,Jumbo Bag Red Retrospot,7,6.9,12530,France
INV536452,60615,LUNCH BAG RED RETROSPOT,2,5.47,12503,France
INV536453,15020,Regency Cakestand 3 Tier,5,11.57,12560,France
INV536453,28191,Party Bunting,12,6.53,12578,France
INV536453,10688,Jumbo Bag Red Retrospot,2,1.46,12527,France
INV536453,29597,Jam Making Set With Jars,9,11.83,12577,France
INV536454,16258,LUNCH BAG RED RETROSPOT,4,5.97,12579,France
INV536454,69914,Regency Cakestand 3 Tier,2,2.5,12563,France
INV536454,88215,Assorted Colour Bird Ornament,9,1.43,12565,France
INV536454,85372,Set of 3 Butterfly Cookie Cutters,4,9.33,12537,France
INV536454,66261,Jumbo Bag Red Retrospot,1,8.17,12530,France
INV536454,84798,White Hanging Heart T-Light Holder,7,3.36,12585,France
INV536455,18870,Set of 3 Butterfly Cookie Cutters,9,7.37,12600,France
INV536455,76535,Party Bunting,9,1.48,12560,France
INV536456,43246,LUNCH BAG RED RETROSPOT,12,1.43,12600,France
INV536456,18855,Party Bunting,6,3.96,12584,France
INV536457,27486,Jam Making Set With Jars,1,5.21,12543,France
INV536457,94252,Party Bunting,3,10.59,12587,France
INV536458,69988,Paper Chain Kit 50's Christmas,1,4.55,12505,France
INV536458,36144,Jumbo Bag Red Retrospot,1,4.8,12539,France
INV536458,77552,Set of 3 Butterfly Cookie Cutters,7,12.38,12569,France
INV536458,72049,White Hanging Heart T-Light Holder,5,1.66,12582,France
INV536458,35048,Party Bunting,5,5.27,12599,France
INV536459,26315,Party Bunting,6,6.17,12551,France
INV536459,67637,Assorted Colour Bird Ornament,7,5.06,12523,France
INV536460,65640,Paper Chain Kit 50's Christmas,2,6.09,12523,France
INV536460,81496,Party Bunting,5,4.86,12510,France
INV536460,52981,Assorted Colour Bird Ornament,11,4.58,12557,France
INV536460,88986,LUNCH BAG RED RETROSPOT,12,6.04,12588,France
INV536460,68183,White Hanging Heart T-Light Holder,6,6.28,12593,France
INV536461,17518,Jam Making Set With Jars,2,8.8,12551,France
INV536461,57619,LUNCH BAG RED RETROSPOT,9,10.26,12586,France
INV536461,30969,Assorted Colour Bird Ornament,1,2.86,12577,France
INV536461,98878,Party Bunting,8,1.64,12508,France
INV536462,84349,Party Bunting,1,8.06,12586,France
INV536462,68972,Jam Making Set With Jars,6,5.44,12597,France
INV536462,20077,LUNCH BAG RED RETROSPOT,10,2.8,12546,France
INV536463,34385,Party Bunting,8,7.07,12571,France
INV536463,25435,Assorted Colour Bird Ornament,5,9.97,12590,France
INV536463,68493,Pack Of 72 Retrospot Cake Cases,4,12.46,12536,France
INV536463,74382,White Hanging Heart T-Light Holder,4,2.63,12509,France
INV536463,69250,LUNCH BAG RED RETROSPOT,3,11.36,12556,France
INV536464,18511,Party Bunting,9,7.35,12538,France
INV536464,30644,Jam Making Set With Jars,12,9.23,12589,France
INV536465,25907,Party Bunting,4,10.16,12530,France
INV536465,74752,Set of 3 Butterfly Cookie Cutters,1,5.31,12573,France
INV536465,58353,Pack Of 72 Retrospot Cake Cases,8,10.29,12570,France
INV536466,50539,Jam Making Set With Jars,7,12.5,12592,France
INV536466,72739,Regency Cakestand 3 Tier,9,5.87,12552,France
INV536466,85353,Set of 3 Butterfly Cookie Cutters,2,2.66,12540,France
INV536467,99143,Paper Chain Kit 50's Christmas,9,5.13,12599,France
INV536467,82260,Jam Making Set With Jars,11,7.86,12598,France
INV536468,26274,LUNCH BAG RED RETROSPOT,9,2.97,12521,France
INV536468,31229,Set of 3 Butterfly Cookie Cutters,6,11.77,12528,France
INV536468,55353,White Hanging Heart T-Light Holder,9,11.32,12510,France
INV536469,91922,Pack Of 72 Retrospot Cake Cases,5,8.16,12511,France
INV536469,75873,Set of 3 Butterfly Cookie Cutters,11,3.15,12574,France
INV536469,30210,Assorted Colour Bird Ornament,3,8.66,12592,France
INV536469,89316,Regency Cakestand 3 Tier,6,10.73,12572,France
INV536470,15958,White Hanging Heart T-Light Holder,11,9.92,12533,France
INV536470,95344,Regency Cakestand 3 Tier,4,9.88,12553,France
INV536471,42096,White Hanging Heart T-Light Holder,11,5.82,12558,France
INV536471,19564,Paper Chain Kit 50's Christmas,12,1.92,12556,France
INV536471,64476,Assorted Colour Bird Ornament,8,6.47,12543,France
INV536471,89516,Party Bunting,3,4.77,12591,France
INV536471,51853,Jumbo Bag Red Retrospot,12,12.37,12544,France
INV536471,62260,Pack Of 72 Retrospot Cake Cases,3,9.81,12565,France
INV536472,68929,Regency Cakestand 3 Tier,4,2.83,12506,France
INV536472,48038,Party Bunting,7,10.97,12553,France
INV536472,42541,Pack Of 72 Retrospot Cake Cases,3,10.4,12573,France
INV536472,50988,Paper Chain Kit 50's Christmas,4,9.84,12563,France
INV536472,77466,White Hanging Heart T-Light Holder,8,6.86,12539,France
INV536472,75191,Jumbo Bag Red Retrospot,1,2.26,12550,France
INV536473,16624,Paper Chain Kit 50's Christmas,5,6.82,12583,France
INV536473,98148,Pack Of 72 Retrospot Cake Cases,8,4.46,12501,France
INV536473,24089,Set of 3 Butterfly Cookie Cutters,7,2.76,12533,France
INV536473,57943,Assorted Colour Bird Ornament,7,5.37,12551,France
INV536473,16705,Jumbo Bag Red Retrospot,10,7.57,12546,France
INV536473,82512,White Hanging Heart T-Light Holder,5,2.08,12564,France
INV536474,61629,Set of 3 Butterfly Cookie Cutters,6,10.19,12543,France
INV536474,83116,Assorted Colour Bird Ornament,6,9.74,12525,France
INV536474,88966,Regency Cakestand 3 Tier,9,5.77,12505,France
INV536474,15938,Paper Chain Kit 50's Christmas,1,2.79,12542,France
INV536474,72094,White Hanging Heart T-Light Holder,9,6.39,12577,France
INV536475,49221,Jumbo Bag Red Retrospot,10,5.03,12565,France
INV536475,79774,Party Bunting,8,9.22,12538,France
INV536475,72245,Set of 3 Butterfly Cookie Cutters,1,5.39,12586,France
INV536475,24366,Regency Cakestand 3 Tier,7,7.82,12592,France
INV536475,92478,Pack Of 72 Retrospot Cake Cases,1,7.97,12533,France
INV536475,95929,Assorted Colour Bird Ornament,10,7.75,12592,France
INV536476,32349,Jam Making Set With Jars,9,8.33,12579,France
INV536476,59832,Paper Chain Kit 50's Christmas,3,10.49,12531,France
INV536477,35006,Jam Making Set With Jars,1,6.21,12553,France
INV536477,29848,Regency Cakestand 3 Tier,7,9.02,12552,France
INV536478,37176,Jam Making Set With Jars,9,4.91,12584,France
INV536478,72701,Paper Chain Kit 50's Christmas,9,5.49,12522,France
INV536478,70249,White Hanging Heart T-Light Holder,9,5.1,12545,France
INV536478,98587,Party Bunting,12,8.91,12588,France
INV536478,44650,Regency Cakestand 3 Tier,10,6.7,12531,France
INV536478,46569,Assorted Colour Bird Ornament,9,4.61,12538,France
INV536479,55718,Pack Of 72 Retrospot Cake Cases,9,11.75,12592,France
INV536479,45842,Paper Chain Kit 50's Christmas,5,2.62,12586,France
INV536479,81197,Party Bunting,7,11.33,12550,France
INV536479,55237,Jam Making Set With Jars,3,4.52,12536,France
INV536480,95979,Party Bunting,5,9.66,12527,France
INV536480,36485,Paper Chain Kit 50's Christmas,9,4.3,12571,France
INV536481,16653,Jumbo Bag Red Retrospot,11,11.43,12528,France
INV536481,93616,Regency Cakestand 3 Tier,4,1.84,12552,France
INV536481,53292,Pack Of 72 Retrospot Cake Cases,12,6.56,12587,France
INV536481,28018,Set of 3 Butterfly Cookie Cutters,1,12.1,12520,France
INV536482,52096,Paper Chain Kit 50's Christmas,5,8.52,12598,France
INV536482,21725,Jam Making Set With Jars,11,7.71,12568,France
INV536482,14888,Pack Of 72 Retrospot Cake Cases,3,5.95,12522,France
INV536482,14763,LUNCH BAG RED RETROSPOT,7,10.11,12523,France
INV536482,47941,Jumbo Bag Red Retrospot,1,1.35,12572,France
INV536483,78723,Regency Cakestand 3 Tier,8,11.25,12517,France
INV536483,76088,Party Bunting,8,4.32,12514,France
INV536483,53343,Assorted Colour Bird Ornament,3,9.48,12582,France
INV536483,43720,Pack Of 72 Retrospot Cake Cases,12,3.34,12594,France
INV536483,54185,Set of 3 Butterfly Cookie Cutters,5,7.64,12596,France
INV536483,35318,Paper Chain Kit 50's Christmas,3,8.12,12581,France
INV536484,97720,LUNCH BAG RED RETROSPOT,2,3.33,12517,France
INV536484,72580,Set of 3 Butterfly Cookie Cutters,6,11.78,12500,France
INV536484,44181,Party Bunting,7,3.9,12596,France
INV536484,44995,White Hanging Heart T-Light Holder,6,4.65,12592,France
INV536484,85088,Pack Of 72 Retrospot Cake Cases,1,4.19,12546,France
INV536485,50213,White Hanging Heart T-Light Holder,3,5.81,12564,France
INV536485,50760,Regency Cakestand 3 Tier,12,2.57,12537,France
INV536485,58174,Paper Chain Kit 50's Christmas,10,3.73,12517,France
INV536486,81989,Jumbo Bag Red Retrospot,8,9.77,12585,France
INV536486,38627,Paper Chain Kit 50's Christmas,4,8.9,12576,France
INV536486,20730,Party Bunting,9,6.28,12590,France
INV536486,57419,Pack Of 72 Retrospot Cake Cases,2,11.57,12514,France
INV536486,18094,Set of 3 Butterfly Cookie Cutters,9,11.41,12525,France
INV536487,25235,Set of 3 Butterfly Cookie Cutters,11,3.56,12574,France
INV536487,74071,Jumbo Bag Red Retrospot,2,11.36,12557,France
INV536487,17292,Jam Making Set With Jars,8,2.73,12553,France
INV536487,69873,Paper Chain Kit 50's Christmas,10,1.9,12559,France
INV536487,98181,Assorted Colour Bird Ornament,5,9.39,12550,France
INV536487,43352,Pack Of 72 Retrospot Cake Cases,1,9.64,12574,France
INV536488,55158,White Hanging Heart T-Light Holder,12,1.97,12507,France
INV536488,19046,LUNCH BAG RED RETROSPOT,8,1.61,12552,France
INV536489,60132,Jumbo Bag Red Retrospot,8,11.03,12548,France
INV536489,59236,LUNCH BAG RED RETROSPOT,2,8.93,12584,France
INV536489,80687,Party Bunting,3,8.6,12544,France
INV536490,61518,Jumbo Bag Red Retrospot,9,2.68,12528,France
INV536490,10455,Set of 3 Butterfly Cookie Cutters,1,12.26,12559,France
INV536491,70375,LUNCH BAG RED RETROSPOT,6,3.0,12524,France
INV536491,24790,Set of 3 Butterfly Cookie Cutters,1,10.36,12553,France
INV536491,90599,Jam Making Set With Jars,1,3.96,12508,France
INV536491,23224,Paper Chain Kit 50's Christmas,10,1.63,12576,France
INV536491,98083,Regency Cakestand 3 Tier,12,11.06,12531,France
INV536491,15798,Party Bunting,7,6.19,12569,France
INV536492,40692,White Hanging Heart T-Light Holder,12,7.73,12573,France
INV536492,88370,Jumbo Bag Red Retrospot,11,10.46,12530,France
INV536492,49552,Assorted Colour Bird Ornament,3,12.34,12566,France
INV536493,17989,LUNCH BAG RED RETROSPOT,9,11.92,12594,France
INV536493,32955,Assorted Colour Bird Ornament,11,8.89,12571,France
INV536493,74962,Set of 3 Butterfly Cookie Cutters,1,12.19,12582,France
INV536494,49306,Set of 3 Butterfly Cookie Cutters,7,3.32,12568,France
INV536494,72065,Party Bunting,4,10.81,12538,France
INV536494,28920,LUNCH BAG RED RETROSPOT,8,11.54,12571,France
INV536494,64090,Pack Of 72 Retrospot Cake Cases,7,7.52,12517,France
INV536494,60910,Regency Cakestand 3 Tier,4,4.12,12542,France
INV536495,22119,Paper Chain Kit 50's Christmas,9,9.4,12524,France
INV536495,16755,Party Bunting,5,5.49,12577,France
INV536496,38444,White Hanging Heart T-Light Holder,8,3.6,12542,France
INV536496,49739,Regency Cakestand 3 Tier,1,3.63,12524,France
INV536496,25376,Pack Of 72 Retrospot Cake Cases,12,12.5,12561,France
INV536496,41797,LUNCH BAG RED RETROSPOT,12,8.05,12526,France
INV536496,61987,Assorted Colour Bird Ornament,4,7.46,12599,France
INV536496,47101,Party Bunting,7,6.5,12583,France
INV536497,75179,Assorted Colour Bird Ornament,8,2.36,12592,France
INV536497,71537,Jam Making Set With Jars,6,11.54,12547,France
INV536497,51015,Party Bunting,7,1.76,12528,France
INV536497,29126,Set of 3 Butterfly Cookie Cutters,1,4.18,12574,France
INV536498,59786,LUNCH BAG RED RETROSPOT,10,10.63,12563,France
INV536498,82173,Assorted Colour Bird Ornament,11,11.86,12543,France
INV536498,43728,Jumbo Bag Red Retrospot,8,12.12,12582,France
INV536498,74303,Regency Cakestand 3 Tier,8,3.14,12545,France
INV536498,32185,Paper Chain Kit 50's Christmas,3,9.35,12562,France
INV536498,34123,Jam Making Set With Jars,9,12.39,12507,France
INV536499,28021,White Hanging Heart T-Light Holder,11,3.85,12590,France
INV536499,29795,Regency Cakestand 3 Tier,1,3.71,12558,France
INV536499,58916,Jam Making Set With Jars,1,8.2,12585,France
INV536499,90808,LUNCH BAG RED RETROSPOT,8,8.67,12502,France
INV536499,10866,Paper Chain Kit 50's Christmas,9,7.46,12501,France
INV536499,12192,Pack Of 72 Retrospot Cake Cases,9,9.37,12568,France
INV536500,33496,White Hanging Heart T-Light Holder,2,11.58,12567,France
INV536500,29516,Set of 3 Butterfly Cookie Cutters,4,3.41,12567,France
INV536500,43084,LUNCH BAG RED RETROSPOT,6,4.26,12550,France
INV536500,20357,Paper Chain Kit 50's Christmas,6,12.04,12558,France
INV536501,22255,Pack Of 72 Retrospot Cake Cases,7,5.52,12570,France
INV536501,72390,Jam Making Set With Jars,1,8.41,12589,France
INV536501,32463,Assorted Colour Bird Ornament,2,6.87,12555,France
INV536501,94529,Party Bunting,6,7.62,12512,France
INV536501,79226,White Hanging Heart T-Light Holder,1,3.83,12588,France
INV536501,84289,LUNCH BAG RED RETROSPOT,8,4.3,12509,France
INV536502,51220,Set of 3 Butterfly Cookie Cutters,1,12.07,12575,France
INV536502,28899,White Hanging Heart T-Light Holder,12,10.49,12509,France
INV536502,49226,Jumbo Bag Red Retrospot,3,7.59,12572,France
INV536502,61007,LUNCH BAG RED RETROSPOT,11,11.34,12542,France
INV536503,67290,Jumbo Bag Red Retrospot,4,10.69,12543,France
INV536503,89320,Regency Cakestand 3 Tier,10,11.99,12550,France
INV536503,52778,Party Bunting,1,8.38,12600,France
INV536503,69054,White Hanging Heart T-Light Holder,8,3.82,12570,France
INV536503,59207,LUNCH BAG RED RETROSPOT,7,3.34,12574,France
INV536504,20752,Regency Cakestand 3 Tier,5,2.98,12591,France
INV536504,93086,Assorted Colour Bird Ornament,3,9.57,12540,France
INV536504,57277,Pack Of 72 Retrospot Cake Cases,2,2.28,12539,France
INV536504,68292,Party Bunting,6,9.82,12513,France
INV536504,27367,White Hanging Heart T-Light Holder,2,3.36,12557,France
INV536505,56388,Set of 3 Butterfly Cookie Cutters,9,2.3,12576,France
INV536505,52523,Jam Making Set With Jars,7,1.39,12552,France
INV536505,60829,LUNCH BAG RED RETROSPOT,2,9.4,12571,France
INV536505,41816,White Hanging Heart T-Light Holder,10,7.11,12587,France
INV536505,59903,Paper Chain Kit 50's Christmas,3,2.81,12538,France
INV536505,45180,Party Bunting,8,2.89,12521,France
INV536506,57333,Assorted Colour Bird Ornament,5,11.87,12592,France
INV536506,91924,LUNCH BAG RED RETROSPOT,8,7.93,12525,France
INV536506,70012,Jam Making Set With Jars,2,2.77,12500,France
INV536506,61864,Pack Of 72 Retrospot Cake Cases,6,10.72,12548,France
INV536506,53193,White Hanging Heart T-Light Holder,8,5.02,12583,France
INV536507,72784,Jumbo Bag Red Retrospot,6,3.25,12550,France
INV536507,51830,Assorted Colour Bird Ornament,5,9.52,12581,France
INV536507,74357,Party Bunting,10,10.05,12541,France
INV536507,59290,Set of 3 Butterfly Cookie Cutters,5,10.44,12550,France
INV536507,57843,Paper Chain Kit 50's Christmas,2,11.74,12525,France
INV536507,87624,Regency Cakestand 3 Tier,9,3.27,12598,France
INV536508,63627,White Hanging Heart T-Light Holder,11,6.87,12581,France
INV536508,49692,Paper Chain Kit 50's Christmas,4,4.09,12519,France
INV536508,65460,Pack Of 72 Retrospot Cake Cases,7,2.08,12576,France
INV536508,72814,Set of 3 Butterfly Cookie Cutters,10,5.76,12564,France
INV536508,64827,Jumbo Bag Red Retrospot,9,1.66,12546,France
INV536508,80373,Jam Making Set With Jars,10,8.43,12510,France
INV536509,31802,Pack Of 72 Retrospot Cake Cases,11,8.14,12572,France
INV536509,94545,Party Bunting,11,8.53,12596,France
INV536510,43913,LUNCH BAG RED RETROSPOT,4,7.0,12566,France
INV536510,83137,Regency Cakestand 3 Tier,10,8.99,12528,France
INV536510,68429,White Hanging Heart T-Light Holder,6,5.65,12598,France
INV536510,99070,Paper Chain Kit 50's Christmas,10,9.02,12519,France
INV536511,64522,White Hanging Heart T-Light Holder,2,2.56,12593,France
INV536511,28569,Paper Chain Kit 50's Christmas,6,4.76,12558,France
INV536511,37114,Regency Cakestand 3 Tier,9,6.68,12560,France
INV536511,22795,Jumbo Bag Red Retrospot,8,9.37,12557,France
INV536512,25084,Regency Cakestand 3 Tier,1,10.8,12582,France
INV536512,24334,Assorted Colour Bird Ornament,11,10.25,12594,France
INV536512,41970,White Hanging Heart T-Light Holder,9,3.21,12520,France
INV536512,53383,LUNCH BAG RED RETROSPOT,9,6.05,12559,France
INV536513,93948,LUNCH BAG RED RETROSPOT,11,6.11,12503,France
INV536513,90492,Jumbo Bag Red Retrospot,4,6.31,12554,France
INV536513,60965,Set of 3 Butterfly Cookie Cutters,1,9.18,12526,France
INV536514,52727,Regency Cakestand 3 Tier,4,6.4,12533,France
INV536514,97910,Jam Making Set With Jars,8,7.19,12581,France
INV536514,51078,Jumbo Bag Red Retrospot,10,5.62,12550,France
INV536514,86939,Paper Chain Kit 50's Christmas,2,5.16,12558,France
INV536515,25448,Jumbo Bag Red Retrospot,4,4.69,12523,France
INV536515,58929,Assorted Colour Bird Ornament,12,2.84,12549,France
INV536515,64819,Regency Cakestand 3 Tier,10,2.8,12549,France
INV536515,65448,Party Bunting,3,6.73,12568,France
INV536515,94575,Paper Chain Kit 50's Christmas,3,7.49,12562,France
INV536515,47858,Jam Making Set With Jars,3,3.35,12557,France
INV536516,60324,White Hanging Heart T-Light Holder,9,6.94,12563,France
INV536516,63626,Party Bunting,11,6.78,12590,France
INV536516,68176,Jam Making Set With Jars,8,3.13,12572,France
INV536516,14044,Pack Of 72 Retrospot Cake Cases,4,4.54,12535,France
INV536516,39470,Regency Cakestand 3 Tier,9,4.5,12599,France
INV536516,69942,Set of 3 Butterfly Cookie Cutters,10,9.6,12598,France
INV536517,45112,Set of 3 Butterfly Cookie Cutters,9,10.51,12546,France
INV536517,81046,Jam Making Set With Jars,1,9.8,12556,France
INV536517,81611,Regency Cakestand 3 Tier,4,12.38,12513,France
INV536517,95678,Assorted Colour Bird Ornament,4,4.6,12504,France
INV536517,68947,White Hanging Heart T-Light Holder,5,5.17,12511,France
INV536518,87060,Regency Cakestand 3 Tier,12,5.19,12590,France
INV536518,89988,Pack Of 72 Retrospot Cake Cases,11,6.07,12578,France
INV536518,28249,Set of 3 Butterfly Cookie Cutters,4,10.4,12507,France
INV536518,84720,LUNCH BAG RED RETROSPOT,6,7.24,12576,France
INV536518,80617,Party Bunting,3,4.89,12590,France
INV536519,63948,Assorted Colour Bird Ornament,1,12.42,12583,France
INV536519,26631,Jam Making Set With Jars,12,10.99,12531,France
INV536519,29168,Regency Cakestand 3 Tier,12,4.87,12531,France
INV536519,98635,Paper Chain Kit 50's Christmas,7,6.76,12573,France
